username;date;retweets;favorites;text;geo;mentions;hashtags;id;permalink
;2019/07/12 18:21;1;0;"Did you know: About 40% of auto industry profits will be advanced through #mobility tech by 2035. See how automotive companies can benefit from SAP to transform business models with intelligent technologies for competitive differentiation http://sap.to/6019Ev34N pic.twitter.com/4bi94Q04jn";;;#mobility;"1149730391206576139";https://twitter.com/SAPAutomotive/status/1149730391206576139
;2019/07/12 17:32;0;0;"The #safest #accident is the one that never happens, so #automotive #technology has ways to reduce your #risk. #pedestriandetection #radarcruisecontrol #lanedeparturealert #intelligent highbeams #speeding #drunkdriving #distracteddriving http://bit.ly/32iNssW pic.twitter.com/i1IpfaaF3E";;;#safest #accident #automotive #technology #risk #pedestriandetection #radarcruisecontrol #lanedeparturealert #intelligent #speeding #drunkdriving #distracteddriving;"1149718121432981504";https://twitter.com/NAPSnews/status/1149718121432981504
;2019/07/12 17:10;0;0;"Experience data-driven capabilities in #vehicle safety by leveraging the SAP Intelligent Suite for enhanced efficiency in automotive manufacturing. Read this informative asset for a deeper understanding: http://sap.to/6012Etq9E pic.twitter.com/pppzbsFvOc";;;#vehicle;"1149712552781320192";https://twitter.com/SAPAutomotive/status/1149712552781320192
;2019/07/12 11:45;0;1;"What is the best software solution option for automotive suppliers focusing on successfully implementing intelligent ERP? @digitalistmag discusses the advantages of moving to the #cloud: http://sap.to/6016Ev3es pic.twitter.com/F3oFSf0oq5";;@digitalistmag;#cloud;"1149630737466843136";https://twitter.com/SAPAutomotive/status/1149630737466843136
;2019/07/12 10:07;0;1;"The development of electromobility brings benefits not only to the automotive or energy industries. Electric cars need innovative solutions in the field of the Internet of Things and advanced IT systems. The biggest challenge is intelligent energy... (1/2) pic.twitter.com/ixxDg4VfPe";;;;"1149606265112317952";https://twitter.com/ERafako/status/1149606265112317952
;2019/07/12 09:25;1;3;"The 5G Automotive Association welcomes the @EUCouncil's objection against the proposal for Delegated Regulation on Cooperative Intelligent Transport Systems (C-ITS), as a clear signal of support to technology neutrality. Read more here: http://ow.ly/n5Ov50uZaz2  #5GMobilitypic.twitter.com/qsrmAjEIEZ";;@EUCouncil;#5GMobilitypic;"1149595509687873536";https://twitter.com/5GAA_official/status/1149595509687873536
;2019/07/11 14:30;0;2;"Frost and Sullivan is killing it at their intelligent mobility conference today. Schwetha Surender presenting her findings now. She predicts that in 2040 in urban cities 35% of households will own cars. Vs 85%in 1990s. @FS_Automotive #intelligentmobilitypic.twitter.com/cyMrSBxCmA";;@FS_Automotive;#intelligentmobilitypic;"1149310080229236736";https://twitter.com/cyberdoggie/status/1149310080229236736
;2019/07/10 11:56;1;1;"The wait is finally over! @FS_Automotive annual #IntelligentMobility 2-day event starts today: #HouseOfCommons debate, Awards Banquet, @Frost_Sullivan’s Intelligent Mobility 2019 Summit tomorrow. http://ow.ly/lqeu50uXkrE pic.twitter.com/n48M2Og5Fw";;@FS_Automotive @Frost_Sullivan;#IntelligentMobility #HouseOfCommons;"1148908858435350528";https://twitter.com/FS_Automotive/status/1148908858435350528
;2019/07/10 08:09;0;2;"Automated Traffic Monitoring: Unpacking Intelligent Transportation Solutions https://bit.ly/2RLW8TI  #Automotive #logistics #TechnologyNews #techpic.twitter.com/jM9L5y3VIz";;;#Automotive #logistics #TechnologyNews #techpic;"1148851615736008707";https://twitter.com/margwilli1/status/1148851615736008707
;2019/07/09 20:27;0;1;"This @digitalistmag blog highlights the potential for intelligent automotive innovation with the right blend of human skills and predictive technologies to capitalize on #data and deliver successful outcomes http://sap.to/6011EQgdS pic.twitter.com/yPkFNdj4aS";;@digitalistmag;#data;"1148674937592438785";https://twitter.com/SAPAutomotive/status/1148674937592438785
;2019/07/09 15:59;1;1;"@ME_Industrial will showcase at this year’s Automotive Interior Intelligent Surface & Surface Treatment Summit in Shanghai,18-19 July, its range of XtraForm hard-coated films and innovative technologies https://bit.ly/2L79Znn  #UnrivaledInnovation #UnrivaledExpertise #MEISEventspic.twitter.com/rjIDaLbtLa";;@ME_Industrial;#UnrivaledInnovation #UnrivaledExpertise #MEISEventspic;"1148607663464308736";https://twitter.com/ME_Industrial/status/1148607663464308736
;2019/07/08 21:11;0;1;"According to @BloombergNEF, about 33% of the global fleet will be electric by 2040. Learn how #automotive players are looking at intelligent technologies to address the expectations of modern consumers in the digital economy http://sap.to/6016Ett3w pic.twitter.com/wzP2K0Uaqb";;@BloombergNEF;#automotive;"1148323623830282241";https://twitter.com/SAPAutomotive/status/1148323623830282241
;2019/07/08 09:01;0;0;"Panos Konstantopoulos is joining us at the Display Metrology Workshop on Thursday, 11th July to give a presentation on the issues of driver distraction and how this can be mitigated with intelligent human machine interfaces. Register at http://pro-lite.co.uk/File/display_metrology_workshop.php … #automotive pic.twitter.com/MsRIEaarI1";;;#automotive;"1148140040914112512";https://twitter.com/ProLite_Tech/status/1148140040914112512
;2019/07/07 14:56;0;0;"(eBay Advertisement) Digital LED Car Battery Charger Intelligent Pulse Repair Jump Starter Booster http://rover.ebay.com/rover/1/711-53200-19255-0/1?ff3=2&toolid=10039&campid=5338544985&item=312689578201&vectorid=229466&lgeo=1&utm_source=dlvr.it&utm_medium=twitter …pic.twitter.com/imKhvNkrls";;;;"1147866881426018304";https://twitter.com/FantasticJewelA/status/1147866881426018304
;2019/07/06 17:12;2;4;"Watch as SAP's Tom Roberts discusses how the software enterprise space is entering into an era where the intelligent suite is coming into its own in the #automotive industry http://sap.to/6016EtpN0 pic.twitter.com/2dRjBYUi9b";;;#automotive;"1147538784881393664";https://twitter.com/SAPAutomotive/status/1147538784881393664
;2019/07/06 12:01;0;2;"Intelligent automotive companies in pursuit of advancing #mobility initiatives can leverage valuable data insights from connected vehicles within smart cities for improved urban livability http://sap.to/6013Et4Ct pic.twitter.com/aGhtqkTQJp";;;#mobility;"1147460438642372608";https://twitter.com/SAPAutomotive/status/1147460438642372608
;2019/07/06 08:00;0;0;"Diverse New Data Drives The Intelligent Enterprise Automotive Company http://bit.ly/30jE6LL pic.twitter.com/d2fSMlFqA8";;;;"1147399895705214976";https://twitter.com/patlalu/status/1147399895705214976
;2019/07/05 14:26;0;1;"#Sailotech helps businesses to #transform the traditional methods of connections to #intelligent #scalable and #customizable networks. Know more by clicking here @marcom@sailotech.com #analytics #dataanalytics #manufacturing #automotive #advancedanalytics #newtechnologiespic.twitter.com/xaCkfuVyJq";;@marcom @sailotech;#Sailotech #transform #intelligent #scalable #customizable #analytics #dataanalytics #manufacturing #automotive #advancedanalytics #newtechnologiespic;"1147134664391319553";https://twitter.com/Sailotech/status/1147134664391319553
;2019/07/05 05:33;0;0;"(eBay Advertisement) Intelligent 12V 20A Car Motorcycle Automobile Lead Acid Battery Charger EU-PLUG http://rover.ebay.com/rover/1/711-53200-19255-0/1?ff3=2&toolid=10039&campid=5338544985&item=192976102631&vectorid=229466&lgeo=1&utm_source=dlvr.it&utm_medium=twitter …pic.twitter.com/cl8wnF9t2y";;;;"1147000550849777666";https://twitter.com/FantasticJewelA/status/1147000550849777666
;2019/07/11 21:08;0;0;"Peter Warwick will be presenting “Seamless integration of automotive interior displays using high-performance hardcoated films’ at Automotive Interior Intelligent Surface & Surface Treatment Summit in Shanghai. More information here: https://bit.ly/2L79Znn  #MEISEvents";;;#MEISEvents;"1149410047979483136";https://twitter.com/ME_Industrial/status/1149410047979483136
;2019/07/11 11:32;0;0;". @BentleyMotors is marking its centenary – to the day – by launching a large and highly intelligent electric car called the EXP 100 GT. (Original Source: @autocar) https://www.autocar.co.uk/car-news/new-cars/bentley-exp-100-gt-revealed-spectacular-take-grand-tourer … #cars #automotive #Bentleypic.twitter.com/7Ds4vS5Rsy";;@BentleyMotors @autocar;#cars #automotive #Bentleypic;"1149265072608333824";https://twitter.com/car_lease/status/1149265072608333824
;2019/07/11 10:19;2;1;"I’m at Intelligent Mobility #intelligentmobility, talk about changing business model from ownership to on-demand mobility. Also what to do with data, how to handle data privacy, capacity, regulations etc. Also, here’s something I wrote earlier:https://www.eetimes.com/document.asp?doc_id=1334900 …";;;#intelligentmobility;"1149246773266911233";https://twitter.com/ndahad/status/1149246773266911233
;2019/07/11 08:41;0;0;"Continental wins 2019 AutomotiveINNOVATIONS award for intelligent door system https://www.automotiveworld.com/news-releases/continental-wins-2019-automotiveinnovations-award-for-intelligent-door-system/ …";;;;"1149222215319216128";https://twitter.com/automotiveworld/status/1149222215319216128
;2019/07/10 23:03;0;0;"Looking to score a job at Remedy Intelligent Staffing? You're in luck. Click the link in our bio for the job description and information on how to apply: Automotive Technician #Manufacturing #Wausau, WI";;;#Manufacturing #Wausau;"1149076719690584064";https://twitter.com/tmj_manufjobs/status/1149076719690584064
;2019/07/09 19:58;0;0;"Intelligent pickup benchmark! JAC T8 won the Best Intelligent Network award again https://www.automotiveworld.com/news-releases/intelligent-pickup-benchmark-jac-t8-won-the-best-intelligent-network-award-again/ …";;;;"1148667643760697344";https://twitter.com/automotiveworld/status/1148667643760697344
;2019/07/09 15:31;2;6;"For #automotive manufacturers, efficiency is key. @DesignNews shares how implementing intelligent conveyor systems helps improve flexibility and meet increased demand. https://rok.auto/2XBb7pN pic.twitter.com/hLNupjAlFH";;@DesignNews;#automotive;"1148600479368273925";https://twitter.com/ROKAutomation/status/1148600479368273925
;2019/07/09 14:32;0;0;"The best is back – Bo Yue PRO is the most intelligent, connected SUV of its generation https://www.automotiveworld.com/news-releases/the-best-is-back-bo-yue-pro-is-the-most-intelligent-connected-suv-of-its-generation/ …";;;;"1148585624921882624";https://twitter.com/automotiveworld/status/1148585624921882624
;2019/07/09 08:50;4;7;"The way people move is increasingly #Connected, #Electric and #Shared. We’ll talk about it at @FS_Automotive 's #IntelligentMobility2019 event with our VP Mobility Sales & Marketing @edwinmaria . Let the future start.https://omoove.com/intelligent-mobility-event-frost-sullivan/ …";;@FS_Automotive @edwinmaria;#Connected #Electric #Shared #IntelligentMobility2019;"1148499681569398784";https://twitter.com/Omoove_mobility/status/1148499681569398784
;2019/07/09 04:20;0;0;"RC Automotive is looking to hire an intelligent employee at an annual salary of 55,500 dollars for a satisfying position at the company.";;;;"1148431598607634432";https://twitter.com/manual_work/status/1148431598607634432
;2019/07/09 00:57;0;0;"VODOOL Multifunctional 2 in 1 3.1A Dual USB Car Charger Fast Charging Adapter Dual Intelligent USB Output Ports Car Charger check here https://ift.tt/30nLR3q pic.twitter.com/BMnw6OwVOm";;;;"1148380634882215942";https://twitter.com/SaleAutomotive/status/1148380634882215942
;2019/07/08 11:58;5;8;"Delighted that @edwinmaria @Omoove_mobility will be joining @FS_Automotive’s panel “ #DigitalTransformation of the #Automotive Industry” this Thursday #IntelligentMobility London, Jul 11 http://ow.ly/956a50uVnKP  #FutureOfMobility #Mobility #SharedMobility @Frost_Sullivan";;@edwinmaria @Omoove_mobility @FS_Automotive @Frost_Sullivan;#DigitalTransformation #Automotive #IntelligentMobility #FutureOfMobility #Mobility #SharedMobility;"1148184530907541505";https://twitter.com/FS_Automotive/status/1148184530907541505
;2019/07/07 08:51;0;0;"(eBay Advertisement) 360W 12V/24V Car Battery Charger Intelligent Pulse Repair Jump Starter Booster http://rover.ebay.com/rover/1/711-53200-19255-0/1?ff3=2&toolid=10039&campid=5338544985&item=264390427975&vectorid=229466&lgeo=1&utm_source=dlvr.it&utm_medium=twitter …pic.twitter.com/C9ddYxjwok";;;;"1147775158037278726";https://twitter.com/FantasticJewelA/status/1147775158037278726
;2019/07/07 08:23;0;0;"[Job] Manufacturing Engineer | Company: Intelligent Energy | Location: Loughborough ENG United Kingdom | #Loughborough #Automotive #Engineering #Jobs | More info at https://g.drctry.biz/r/XQkeH ";;;#Loughborough #Automotive #Engineering #Jobs;"1147767992006139904";https://twitter.com/EngineersDay/status/1147767992006139904
;2019/07/05 13:39;3;6;"Steve Schwinke @tech_mahindra will be joining @FS_Automotive’s “Future #Mobility Use Cases for #Electric, Connected and Autonomous #Vehicle Platforms” panel, #IntelligentMobility Summit, Jul 11: http://ow.ly/SEG350uU3yM  #DigitalVehicle #FutureOfMobility";;@tech_mahindra @FS_Automotive;#Mobility #Electric #Vehicle #IntelligentMobility #DigitalVehicle #FutureOfMobility;"1147122733748281344";https://twitter.com/FS_Automotive/status/1147122733748281344
;2019/07/03 21:40;0;0;"Remedy Intelligent Staffing is hiring in #Westerville, OH! Read about our latest #Automotive job opening via the link in our bio: AutoCad Entry Level Design/Drafter and Sr. Designer Full Time Direct Hire Westerville";;;#Westerville #Automotive;"1146519072059736064";https://twitter.com/tmj_OH_auto/status/1146519072059736064
;2019/07/10 10:25;0;0;"Learn how SAP S/4HANA provides automotive firms with a proven framework to adopt industry best practices while attaining operational excellence. #SAPAuto #manufacturing #innovation #SAPPLM Find the value paper on http://sap.com :https://www.sap.com/industries/automotive.html?shareId=78c99fc2-a27c-0010-82c7-eda71af511fa&source=social-atw-twitter#pdf-asset=78c99fc2-a27c-0010-82c7-eda71af511fa&page=1 …";;;#SAPAuto #manufacturing #innovation #SAPPLM #pdf;"1148885828862730240";https://twitter.com/HollsteinNils/status/1148885828862730240
;2019/07/10 01:40;0;0;"Don't miss it. New launched practical video about how to do Sonar Adjustment and Trailer Hitch Detection on #Nissan Pathfinder. #Launch intelligent #diagnostictool help you with variety car maintenance issues. https://www.youtube.com/watch?v=JIwU0HkvODE … #Automotive #ScanTool #VehicleMaintenance";;;#Nissan #Launch #diagnostictool #Automotive #ScanTool #VehicleMaintenance;"1148753852948107264";https://twitter.com/LaunchHQ_/status/1148753852948107264
;2019/07/09 13:52;1;2;"We are thrilled to have @TerraNetAB on board for @FS_Automotive’s 2019 #IntelligentMobility Summit in London this Thursday http://ow.ly/Ik0D50uWscn  #futureofmobility #mobility #automotive #connectivity #software";;@TerraNetAB @FS_Automotive;#IntelligentMobility #futureofmobility #mobility #automotive #connectivity #software;"1148575645695434752";https://twitter.com/FS_Automotive/status/1148575645695434752
;2019/07/08 17:47;1;4;"Richard Doody @GTS__HQ speaker at our “ #NewMobility Business Models and new Industry Players” panel this week #IntelligentMobility Summit London, Jul 11 http://ow.ly/1lrP50uVKpz  #Mobility #SharedMobility #CarSharing @Frost_Sullivan";;@GTS__HQ @Frost_Sullivan;#NewMobility #IntelligentMobility #Mobility #SharedMobility #CarSharing;"1148272330646458370";https://twitter.com/FS_Automotive/status/1148272330646458370
;2019/07/08 16:20;0;0;"Skyline Automotive is looking to hire an intelligent employee at an annual salary of 46,750 dollars for an invaluable position at the company.";;;;"1148250404511256576";https://twitter.com/manual_work/status/1148250404511256576
;2019/07/08 09:10;3;6;"Stefan Werner @XevoInc will join @FS_Automotive’s panel “Future Mobility Use Cases for Electric, #Connected & Autonomous Vehicle Platforms” #IntelligentMobility London, Jul 11 http://ow.ly/TOlF50uVfB6  #ConnectedCar #ConnectedCars #Mobility @Frost_Sullivan";;@XevoInc @FS_Automotive @Frost_Sullivan;#Connected #IntelligentMobility #ConnectedCar #ConnectedCars #Mobility;"1148142193523208192";https://twitter.com/FS_Automotive/status/1148142193523208192
;2019/07/07 07:53;0;0;"[Job] Manufacturing Engineer | Company: Intelligent Energy | Location: Loughborough ENG United Kingdom | #Loughborough #Automotive #Engineering #Jobs | More info at https://g.drctry.biz/r/00oso ";;;#Loughborough #Automotive #Engineering #Jobs;"1147760550178361344";https://twitter.com/EngineersDay/status/1147760550178361344
;2019/07/06 02:56;0;0;"super CANBUS x5 Xenon HID ballast 55W ac Intelligent slim ballast one year warranty whatsapp+8613265910271 http://www.ousipu.com.cn  https://www.instagram.com/p/BzjsFdsB14wwMctvJLKS_K2HicuYppvfsQZ1aM0/?igshid=7re6ug1shruz …";;;;"1147323290509332480";https://twitter.com/R8autolights1/status/1147323290509332480
;2019/07/05 16:49;0;0;""The ‘black box’ approach provides a consistent, intelligent applications hosting platform and the head unit acts as a big display – together providing next-gen #infotainment" https://cards.twitter.com/cards/18ce54v4gbi/6xklh ….";;;#infotainment;"1147170533097783299";https://twitter.com/VNCAutomotive/status/1147170533097783299
;2019/07/04 23:16;0;0;"See our latest #NiagaraFalls, NY #Automotive job opportunity and click the link in our bio to apply: Mechanics at Remedy Intelligent Staffing";;;#NiagaraFalls #Automotive;"1146905751815778305";https://twitter.com/tmj_NY_auto/status/1146905751815778305
;2019/07/04 19:09;0;0;"Diverse New #Data Drives The Intelligent Enterprise #Automotive Company https://hubs.ly/H0jDJh90  by @judycubiss #SAP";;@judycubiss;#Data #Automotive #SAP;"1146843511293190144";https://twitter.com/Bramasol/status/1146843511293190144
;2019/07/04 17:15;1;5;"Next week @Markus_Kreisel @KreiselElectric will present @FS_Automotive’s panel “Future #Mobility Use Cases for #Electric, Connected and Autonomous #Vehicle Platforms”, #IntelligentMobility: http://ow.ly/OL2950uTz9U  #ElectricCars #ElectricCar #EVs";;@Markus_Kreisel @KreiselElectric @FS_Automotive;#Mobility #Electric #Vehicle #IntelligentMobility #ElectricCars #ElectricCar #EVs;"1146814782919589888";https://twitter.com/FS_Automotive/status/1146814782919589888
;2019/07/04 17:00;0;0;"#NowHiring a Quality Control Inspector in the Canandaigua, NY area! Click to learn more and #applynow - https://www.ziprecruiter.com/tjb/93088636  #jobs #Canandaigua #Quality #manufacturing #automotive #ROC";;;#NowHiring #applynow #jobs #Canandaigua #Quality #manufacturing #automotive #ROC;"1146810904144515072";https://twitter.com/JobsWithNatalie/status/1146810904144515072
;2019/07/04 14:34;1;5;"Join Jaap van den Hoek @wejoHQ speaker at the “Industries Vision of the #FutureOfMobility” panel next week @FS_Automotive’s #IntelligentMobility Summit: http://ow.ly/Aw1i50uTsdz  #ConnectedCar #ConnectedCars #Mobility @Frost_Sullivan";;@wejoHQ @FS_Automotive @Frost_Sullivan;#FutureOfMobility #IntelligentMobility #ConnectedCar #ConnectedCars #Mobility;"1146774333269954560";https://twitter.com/FS_Automotive/status/1146774333269954560
;2019/07/04 09:17;1;2;"Automotive Industry | Breaking News 'Launch of the ‘Amazon Prime’ of the car industry... Veteran online shopping entrepreneur launches 'click and deliver' on-demand car ordering for young drivers' Take a read https://www.intelligentinstructor.co.uk/launch-of-the-amazon-prime-of-the-car-industry/ … #TwitterCarClub #CarShopping";;;#TwitterCarClub #CarShopping;"1146694527115304965";https://twitter.com/ClickDealerLTD/status/1146694527115304965
;2019/07/03 18:15;0;0;"Intelligent Packaging – Save Money On Freight Costs https://www.haultail.com/news-article/18618/intelligent-packaging-save-money-on-freight-costs … #business #startup #haultail #ecology #pollution #USA #news #arizona #hawaii #deliveryapp #truck #daydelivery #deliverynetwork #trucking #truckrental #zipments #automotive #freight";;;#business #startup #haultail #ecology #pollution #USA #news #arizona #hawaii #deliveryapp #truck #daydelivery #deliverynetwork #trucking #truckrental #zipments #automotive #freight;"1146467445907034112";https://twitter.com/HaulTail/status/1146467445907034112
;2019/07/09 11:30;0;0;"CIAIE 2019 - International Automotive Intelligent Cockpit Technological Innovation Exhibition http://expopromoter.com/events/175574 ";;;;"1148539881104257024";https://twitter.com/achanshetty/status/1148539881104257024
;2019/07/08 09:00;0;0;"Global Automotive Intelligent Tire and Sensor Market / Analysis & Forecast, 2019/2024 http://dlvr.it/R80Snf  #asdreports #automotive #marketresearch";;;#asdreports #automotive #marketresearch;"1148139679293689858";https://twitter.com/GANewscom/status/1148139679293689858
;2019/07/08 08:57;0;1;"RT @FS_Automotive: Join Jaap van den Hoek @wejoHQ speaker at the “Industries Vision of the #FutureOfMobility” panel this week @FS_Automotive’s #IntelligentMobility Summit: http://ow.ly/Aw1i50uTsdz  #ConnectedCar #ConnectedCars #Mobility @Frost_Sullivan";;@FS_Automotive @wejoHQ @FS_Automotive @Frost_Sullivan;#FutureOfMobility #IntelligentMobility #ConnectedCar #ConnectedCars #Mobility;"1148139148475322369";https://twitter.com/Frost_Sullivan/status/1148139148475322369
;2019/07/07 08:53;0;0;"[Job] Manufacturing Engineer | Company: Intelligent Energy | Location: Loughborough ENG United Kingdom | #Loughborough #Automotive #Engineering #Jobs | More info at https://g.drctry.biz/r/wlzpe ";;;#Loughborough #Automotive #Engineering #Jobs;"1147775569905508353";https://twitter.com/EngineersDay/status/1147775569905508353
;2019/07/06 22:50;0;0;"Integrity First Automotive is looking to hire an intelligent employee at an annual salary of 42,750 dollars for a rewarding position at the company.";;;;"1147623774839353345";https://twitter.com/manual_work/status/1147623774839353345
;2019/07/04 17:27;0;0;"Protean Electric selected for Intelligent Mobility Accelerator programme https://www.automotiveworld.com/news-releases/protean-electric-selected-for-intelligent-mobility-accelerator-programme/ …";;;;"1146817721398681600";https://twitter.com/automotiveworld/status/1146817721398681600
;2019/07/07 07:22;0;0;"[Job] Manufacturing Engineer | Company: Intelligent Energy | Location: Loughborough ENG United Kingdom | #Loughborough #Automotive #Engineering #Jobs | More info at https://g.drctry.biz/r/kTKAy ";;;#Loughborough #Automotive #Engineering #Jobs;"1147752771996790784";https://twitter.com/EngineersDay/status/1147752771996790784
;2019/07/07 02:20;0;0;"New Town Automotive is looking to hire an intelligent employee at an annual salary of 44,750 dollars for a fulfilling position at the company.";;;;"1147676623698911232";https://twitter.com/manual_work/status/1147676623698911232
;2019/06/22 17:03;28;87;"There's a lot to be said for hybrids, but increasingly, serious & intelligent people are waking up to the fact that pure EVs are not a sensible solution to decarbonizing the automotive world. Good summary here. https://seekingalpha.com/article/4271072-long-range-evs-antithesis-efficiency-sustainability …";;;;"1142463063221776384";https://twitter.com/Polixenes13/status/1142463063221776384
;2019/06/13 10:48;7;17;"Smart Production through RFID technology! Intelligent production is only possible if #robots, tools, grippers and workpieces can be digitally identified and information can be exchanged. Our solutions for a smarter factory: https://www.kuka.com/en-de/industries/solutions-database/2018/05/solutions-automotive-rfid-tec … #KUKA #Automotive #IIoTpic.twitter.com/mG1999tNOA";;;#robots #KUKA #Automotive #IIoTpic;"1139107274142756865";https://twitter.com/KUKAGlobal/status/1139107274142756865
;2019/06/06 06:00;3;9;"We will demonstrate how #CV2X transforms the automotive industry we know today at #MWC19 ! Join us to discover how intelligent connectivity is ready to shape the future of the #AutonomousDriving world on 27 June 2019. More information here:http://5gaa.org/event/5gaa-mobile-world-congress-shanghai-2019/ …";;;#CV2X #MWC19 #AutonomousDriving;"1136498078956040192";https://twitter.com/5GAA_official/status/1136498078956040192
;2019/06/04 13:30;7;9;"From autonomy to mobility and ride sharing to car sharing, the automotive industry is going through tremendous disruption. Lisa Gonzalez Smith shares how Ford uses Intelligent Spend Management to achieve greater transparency onstage at #SAPAribaLive.pic.twitter.com/9g7U24eQcz";;;#SAPAribaLive;"1135886548967182336";https://twitter.com/SAPAriba/status/1135886548967182336
;2019/05/26 18:47;3;9;"Unibap presents at GE Digital European Automotive Forum, June 12-13 Fredrik Bruhn, Unibap CEO, will present the Digital Thread for Intelligent Flexible Automation at a special session in the automotive forum. https://unibap.com/news/ pic.twitter.com/v7l8Bof6Zo";;;;"1132704875664564227";https://twitter.com/UnibapAB/status/1132704875664564227
;2019/05/20 15:02;7;15;"We don't make cars… but we do make cars intelligent @Huawei is using its ICT skills to help car manufacturers build smart, connected electric vehicleRead more about Eric Xu's keynote on the convergence of the ICT and automotive industries https://bit.ly/2L5gWGl ";;@Huawei;;"1130473801693761536";https://twitter.com/HuaweiEU/status/1130473801693761536
;2019/05/14 16:55;7;13;"ALD Automotive will be attending @ConnectedFleets Conference which will take place on 15 & 16 May in Brussels and will share, with @vinli , how intelligent #data management can be used to power fleets with data inteligence ? @Fleet_Europe http://bit.ly/2HhRvND pic.twitter.com/lT0TwnOV31";;@ConnectedFleets @vinli @Fleet_Europe;#data;"1128328054449811457";https://twitter.com/ALDAutomotive/status/1128328054449811457
;2019/05/02 13:01;6;11;"We're sponsoring @ieeeiv2019 this year in Paris in June where we will be demonstrating how to take all those brilliant intelligent vehicles algorithms and put them into production on automotive silicon with functional safety https://iv2019.org/ pic.twitter.com/FQzPDVvPox";;@ieeeiv2019;;"1123920429045964801";https://twitter.com/codeandrew/status/1123920429045964801
;2019/04/16 16:16;13;195;"Openbay Otis Introduces An Industry First: The Cutting-Edge, Interactive, Artificially Intelligent Automotive Service Advisor: https://www.openbay.com/blog/openbay-launches-industry-first-artificial-intelligence-powered-automotive-service-advisor/ … #OtisAI #OpenbayOtis #HelloOtis #AI #ArtificialIntelligence #FutureofBusiness #CustomerSatisfaction #VirtualServiceAdvisor #NLPpic.twitter.com/kgpB8emuYQ";;;#OtisAI #OpenbayOtis #HelloOtis #AI #ArtificialIntelligence #FutureofBusiness #CustomerSatisfaction #VirtualServiceAdvisor #NLPpic;"1118171208095338498";https://twitter.com/openbay/status/1118171208095338498
;2019/03/28 23:43;12;13;"Learn how @Goodyear empowers workforce, accelerates automotive innovation with intelligent tools in Microsoft 365 with @Yammer: http://msft.social/PUS0sH  #EmployeeEngagement #DiversityandInclusionpic.twitter.com/0bfzSNs4Bn";;@Goodyear @Yammer;#EmployeeEngagement #DiversityandInclusionpic;"1111413414549553155";https://twitter.com/Office365/status/1111413414549553155
;2019/03/19 04:48;2;7;"Read this article in @ChargedEVs about the launch of our Automotive Intelligent Power Modules that enhance performance in on-board charging. http://bit.ly/2QmRttc pic.twitter.com/awCxiqVXt3";;@ChargedEVs;;"1107866289991753729";https://twitter.com/onsemi/status/1107866289991753729
;2019/02/27 11:27;5;15;"Walking the floor at #MWC19: Greg Cudahy, our Global Technology, Media & Entertainment and Telecoms Leader, discusses intelligent #connectivity and #mobility. Follow @EY_Automotive for more on this concept car. #NextWave #IoTpic.twitter.com/EGymMaLQqs";;@EY_Automotive;#MWC19 #connectivity #mobility #NextWave #IoTpic;"1100719136089481216";https://twitter.com/EY_TMT/status/1100719136089481216
;2019/02/27 09:51;14;73;"#5G changes #automotive and telecommunications industries. ”5GAA strives to develop forward-looking solutions for intelligent transportation services. Both for today and tomorrow”, Thierry Klein says. #MWC19 https://nokia.ly/2NwnlrF  @5GAA_officialpic.twitter.com/Z6lG9gCOWa";;@5GAA_officialpic;#5G #automotive #MWC19;"1100694995256967168";https://twitter.com/nokianetworks/status/1100694995256967168
;2019/02/19 10:48;2;7;"At @hannover_messe SEW-Eurodrive will be showcasing forward-looking drive and #automation solutions for the intelligent, networked #automotive #industry - COO Johann Soder - @SEWEURODRIVE #HM19 #vfv19 @VDMAonline #vfv19pic.twitter.com/pLphIDukma";;@hannover_messe @SEWEURODRIVE @VDMAonline;#automation #automotive #industry #HM19 #vfv19 #vfv19pic;"1097810107109392384";https://twitter.com/DirkSchaar/status/1097810107109392384
;2019/02/15 14:12;2;5;". @SvenSchrecker talks automotive trustworthiness & road to security model at @IIConsortium Building Intelligent Infrastructures Forum hosted by @SASsoftware. Need standards for auto #IoT cybersecurity. #RaleighGES19pic.twitter.com/uN1DIMgARj";;@SvenSchrecker @IIConsortium @SASsoftware;#IoT #RaleighGES19pic;"1096412051088592896";https://twitter.com/mike_d_thomas/status/1096412051088592896
;2019/02/10 14:08;4;10;"Curious how #AI, #AR and #IoT help improve #MRO - come to #Think2019 and see IAMA, the Intelligent Automotive Manufacturing Assistent, created at automotive shop floor, applicable to any other manufacturer";;;#AI #AR #IoT #MRO #Think2019;"1094598970871996417";https://twitter.com/plkey/status/1094598970871996417
;2019/01/18 15:38;31;137;"My friends I am concern elon musk are waste time perversion are distract focus work hard innovate aerospace manufacture automotive. Are intelligent mans risk distract womans focus. pic.twitter.com/esa5szbbKs";;;;"1086286800803545088";https://twitter.com/liangweihan4/status/1086286800803545088
;2018/12/28 14:08;24;26;"#China's 1st Intelligent Expressway to be completed in 2022 #AutonomousVehicles via @jblefevre60 #SmartCities #IoT #DigitalTransformation #automation #Automotive #CES #MWC19pic.twitter.com/RIpARub5NU";;@jblefevre60;#China #AutonomousVehicles #SmartCities #IoT #DigitalTransformation #automation #Automotive #CES #MWC19pic;"1078654046905552896";https://twitter.com/GlenGilmore/status/1078654046905552896
;2018/12/11 10:53;2;4;"RT @WSWMUC: Is your #SupplyChain prepared for the Perfect Storm of #Innovation? Customer empowerment Intelligent technologies ( #IoT, #AI, #MachineLearning, #Blockchain, etc.) @SAPhightech @SAP_Automotive @SAP #digitaltransformation #scm #logistic…https://www.forbes.com/sites/sap/2018/11/28/is-your-supply-chain-prepared-for-the-perfect-storm-of-innovation/ …";;@WSWMUC @SAPhightech @SAP_Automotive @SAP;#SupplyChain #Innovation #IoT #AI #MachineLearning #Blockchain #digitaltransformation #scm #logistic;"1072444178389454848";https://twitter.com/wil_bielert/status/1072444178389454848
;2018/12/05 14:24;3;6;"Doing the rounds at #AISummit #NY? Visit booth S8 to talk about the power of intelligent #automation - and to see how Rainbird applies it to the #finance, #legal, #insurance, #healthcare and #automotive sectors (to name a few!) pic.twitter.com/D5XcTAbDCW";;;#AISummit #NY #automation #finance #legal #insurance #healthcare #automotive;"1070323112179367936";https://twitter.com/RainbirdAI/status/1070323112179367936
;2018/11/13 10:44;5;10;"Interviewing @processmasta at #SCEWC2018 talking intelligent utilities and and augmenting automotive - video to come at #techunknownpic.twitter.com/DJx0ahGe2w";;@processmasta;#SCEWC2018 #techunknownpic;"1062295237685641216";https://twitter.com/TomRaftery/status/1062295237685641216
;2018/11/06 13:41;2;11;"Government, utilities, transportation, automotive, and more will become intelligent enterprises engaging the community to drive livability and prosperity for cities of the future @SAPIndustrieshttps://bit.ly/2FJn8Qi ";;@SAPIndustrieshttps;;"1059802839671889920";https://twitter.com/maier0807/status/1059802839671889920
;2018/10/18 14:10;6;35;"Combination of raw nature and raw power. BMW i8 X Frequency Intelligent Exhaust #FiExhaust l http://fi-exhaust.com  Thanks to @jottophotography for these amazing pictures and Automotive Customization Shop @MaxklusiveCarworks on IG #BMWi8 #Exhaust #SuperCar #SEMA2018pic.twitter.com/JkYRRTDFBx";;@jottophotography @MaxklusiveCarworks;#FiExhaust #BMWi8 #Exhaust #SuperCar #SEMA2018pic;"1052909674406862848";https://twitter.com/FiExhaust/status/1052909674406862848
;2018/09/18 08:04;86;152;"World’s leading automotive alliance signs a global multiyear agreement to partner w/ @Google to equip @Groupe_Renault , @NissanMotor & #MitsubishiMotors vehicles w/ #intelligent infotainment systems More about this #partnership : https://www.alliance-2022.com/news/renault-nissan-mitsubishi-and-google-join-forces-on-next-generation-infotainment/ …pic.twitter.com/vcJz6Z6a9K";;@Google @Groupe_Renault @NissanMotor;#MitsubishiMotors #intelligent #partnership;"1041945939043393536";https://twitter.com/Alliance2022/status/1041945939043393536
;2018/09/10 10:25;5;28;"Our @BusinessTampere team are proud to have supported @RightwareLtd in setting up a new site here. Welcome Rightware! Yet another great company in our region supplying solutions for #automotive and intelligent machines. #investmenthttps://www.rightware.com/news/rightware-opens-research-site-in-tampere-finland?utm_campaign=Employer%20branding&utm_content=76809057&utm_medium=social&utm_source=twitter …";;@BusinessTampere @RightwareLtd;#automotive #investmenthttps;"1039082352490807297";https://twitter.com/oliverhussey/status/1039082352490807297
;2018/09/08 21:54;6;23;"Because this isn't a car company competing in the automotive market. People who fail to grasp this still believe the intelligent device in their pocket through which they live is a telephone. https://twitter.com/TheDLamb/status/1038500915765026816 …";;;;"1038531046533488640";https://twitter.com/RockyPruitt/status/1038531046533488640
;2018/08/24 14:05;8;11;"Come together with automotive + ICT experts to explore the evolution of the Intelligent Transport Systems industry 6-7 September Nanjing, China https://news.itu.int/international-forum-intelligent-transport-systems/ … #AutonomousVehiclespic.twitter.com/CdV4mj9vXO";;;#AutonomousVehiclespic;"1032977241674788864";https://twitter.com/ITU/status/1032977241674788864
;2018/08/02 18:00;6;22;"“ #Daimler's #mobilityservices, which include the 10-year-old car sharing service @car2go, multimodal platform @Moovel and ride-hailing @mytaxi/Intelligent Apps, were used by 23.5 million customers in June.” http://www.autonews.com/article/20180801/FINANCE_AND_INSURANCE/180809968/daimler-financial-services-rebrands-to-highlight-mobility?cciid=email-autonews-weekly … @Automotive_News #DaimlerFinancialServices";;@car2go @Moovel @mytaxi @Automotive_News;#Daimler #mobilityservices #DaimlerFinancialServices;"1025063718684700672";https://twitter.com/Daimler/status/1025063718684700672
;2018/08/02 09:05;11;4;"BREAKING: £35M Invested in the Development of Low Carbon Automotive Technologies. Artemis Intelligent Power, Ceres Powertrain, hofer powertrain, recieve APC support for projects which will create/secure 1,800 UK jobs & reduce 3 million tonnes of CO2 http://bit.ly/APC9Winners pic.twitter.com/pNGXZXazE7";;;;"1024929069761286144";https://twitter.com/theapcuk/status/1024929069761286144
;2018/07/23 15:00;15;33;"#VWGroup is transforming itself from a purely automotive group into a provider of intelligent #mobility solutions.That’s why we offer a large range of exciting #jobs for highly qualified IT professionals: http://vwgroup.to/vWrg30l4y3U  #Digitization #NewWorkpic.twitter.com/wajEA1pbr9";;;#VWGroup #mobility #jobs #Digitization #NewWorkpic;"1021394507143831557";https://twitter.com/VWGroup/status/1021394507143831557
;2018/07/17 16:58;6;14;"Exploring the future of transportation design, systems & urban mobility, MA Intelligent Mobility is at the vanguard of the ‘third age’ of automotive design. Find out more at our taster workshop with Senior Tutor, Dr Chris Thorpe this Sat in Liverpool. http://ow.ly/e0ai30kZE5P pic.twitter.com/kwwjCZvkHT";;;;"1019250099317338117";https://twitter.com/RCA/status/1019250099317338117
;2018/07/04 10:02;5;31;"It is not just car companies that don’t “have a clue” about lithium, the @MorganStanley ‘s of the world are proving their otherwise intelligent analyst’s brains seem to turn to mush when commenting on the lightest metal. http://www.autonews.com/article/20180703/OEM10/180709909/tesla-lithium-electric-vehicle-mining-banking?CSAuthResp=1:14736879509337:423309:1:24:approved:DBE20F924110D73A19C9DB76EE6E13CE … via @Automotive_News";;@MorganStanley @Automotive_News;;"1014434338841202689";https://twitter.com/globallithium/status/1014434338841202689
;2018/05/15 13:00;6;8;"Can automotive tech alleviate the #smartcity challenges of traffic, congestion, aging infrastructures & threats to our quality of life? Find out LIVE on #SAPRadio with Monali Shah, Dir of Intelligent Transportation 7:00 PDT// 10:00 EST// 15:00 CEST http://spr.ly/SAPRadio_FutureofCars …pic.twitter.com/y0qS27uUpR";;;#smartcity #SAPRadio;"996359636239441920";https://twitter.com/here/status/996359636239441920
;2018/05/12 05:27;16;23;"Image Sensors: The Eyes Of AI And Intelligent Systems #Autonomous_Car #Deep_Learning #Machine_Learning #Automotive @SwissCognitive - The Global AI Hubhttp://bit.ly/2wgLeOD ";;@SwissCognitive;#Autonomous_Car #Deep_Learning #Machine_Learning #Automotive;"995158506419490821";https://twitter.com/andy_fitze/status/995158506419490821
;2018/04/28 00:47;10;7;"Intelligent #AI: why #London is the best place for AI #tech #BritishDigitalChamber #ArtificialInteligence #MachineLearning #singularity #deeplearning #Robotics #Automotive #research https://www.standard.co.uk/tech/intelligent-ai-london-machine-learning-deep-mind-rohan-silva-a3825596.html …";;;#AI #London #tech #BritishDigitalChamber #ArtificialInteligence #MachineLearning #singularity #deeplearning #Robotics #Automotive #research;"990014724900311041";https://twitter.com/BDCC_Official/status/990014724900311041
;2018/04/27 17:24;30;51;"68% of Car Buyers aren't shown how to use Technology https://bit.ly/2qWWbjp  #Automotive #AutoRetail #Technology #Tech #AutoMarketing #FixedOps #NADASHOW #blockchain #technews #AutoNews #future #robot #drones #data #mapping #news #IoT #CIO #trends #intelligent #digital #cars #AIpic.twitter.com/3WRnACixGQ";;;#Automotive #AutoRetail #Technology #Tech #AutoMarketing #FixedOps #NADASHOW #blockchain #technews #AutoNews #future #robot #drones #data #mapping #news #IoT #CIO #trends #intelligent #digital #cars #AIpic;"989903170301321216";https://twitter.com/CPI_Results/status/989903170301321216
;2018/03/21 20:18;31;67;"Intelligent Connected Vehicle - Hartman #Watson Assistant and #Iot for automotive and #Cloud services integrated into this beautiful Maserati - #cyber secure as well! #think2018 @IBMSecurity #CyberSecurity #ibm #WatsonAssistant #Technology #smartcars #sponsored @evankirstel pic.twitter.com/nNepE5IIs1";;@IBMSecurity @evankirstel;#Watson #Iot #Cloud #cyber #think2018 #CyberSecurity #ibm #WatsonAssistant #Technology #smartcars #sponsored;"976553554545528832";https://twitter.com/Shirastweet/status/976553554545528832
;2018/01/29 07:19;77;125;"An artificially intelligent motorbike. #ArtificialIntelligence #automotive #automobile #Industry40 #tech #IoT #AI #Robotics #bike #motorcycle @rajat_shrimal cc : @MikeQuindazzi @evankirstel @kuriharan @TheMisterFavor @DeepLearn007 @pierrepinnapic.twitter.com/BGfjcEzK4v";;@rajat_shrimal @MikeQuindazzi @evankirstel @kuriharan @TheMisterFavor @DeepLearn007 @pierrepinnapic;#ArtificialIntelligence #automotive #automobile #Industry40 #tech #IoT #AI #Robotics #bike #motorcycle;"957875926527692800";https://twitter.com/rajat_shrimal/status/957875926527692800
;2018/01/26 12:16;8;18;"Mission-Critical Connectivity: Get an in-depth look at #5G network programmability for the Intelligent Transportation System and our use case with @ScaniaGroup in the latest Ericsson Technology Review article: http://m.eric.sn/VlTy30i0Zvo  #automotive #transport pic.twitter.com/MwQmoPM7fE";;@ScaniaGroup;#5G #automotive #transport;"956863466945568770";https://twitter.com/ericsson/status/956863466945568770
;2017/11/01 13:09;19;29;"“Mobility is the convergence of the tech and automotive industries.” - @onetoughnerd at the Intelligent Vehicle Testing Symposium at #ITSWorldCongress in Montreal, featuring 26 speakers from 10 countries #PlanetM #mobility #ThisisITSpic.twitter.com/xOj1rv6hau";;@onetoughnerd;#ITSWorldCongress #PlanetM #mobility #ThisisITSpic;"925711515696672768";https://twitter.com/planetm/status/925711515696672768
;2017/10/31 12:03;4;5;"Nissan Intelligent Mobility Invests in #AI Tech Controlled by Eye & Hand Gestures to Remain #Automotive Innovators http://spr.ly/60168h6aK pic.twitter.com/CfcCkdpMRZ";;;#AI #Automotive;"925332278213005312";https://twitter.com/SAPAutomotive/status/925332278213005312
;2017/10/24 16:04;2;7;"It is awesome to hear from intelligent women in #manufacturing and #automotive industries at @WomeninMFG Automotive Conf at @SOUTHTEC_Expopic.twitter.com/fSf1Vld4eU";;@WomeninMFG @SOUTHTEC_Expopic;#manufacturing #automotive;"922841287002329089";https://twitter.com/WinTechInc/status/922841287002329089
;2017/08/10 07:58;49;411;"Nissan is proud of giving 10 World First Technologies to the automotive world. Here's a snapshot of some of our Intelligent innovations. pic.twitter.com/FdnuKWpQwO";;;;"895539789717397504";https://twitter.com/Nissan_India/status/895539789717397504
;2017/08/04 02:01;13;14;"@glu_token Tokenizing the Intelligent Connected Automotive Marketplace. #glu, #glutoken, #ico, #crypto, #TokenSale";;@glu_token;#glu #glutoken #ico #crypto #TokenSale;"893275770025500672";https://twitter.com/tandang_s/status/893275770025500672
;2017/06/29 12:28;2;4;"Nathan Marsh @atkinsglobal talks about their intelligent mobility vision #IntelligentMobilitypic.twitter.com/ElMpBXfs0k";;@atkinsglobal;#IntelligentMobilitypic;"880387485406310400";https://twitter.com/FS_Automotive/status/880387485406310400
;2017/06/20 10:39;9;1;"Now, the Automotive Domain with @Continental REX "Driving Intelligent Transportation Systems with #Capella" #CapellaDaypic.twitter.com/6Xyi3l3kyX";;@Continental;#Capella #CapellaDaypic;"877098663004303360";https://twitter.com/Samuel_Rochet/status/877098663004303360
;2017/06/12 12:26;4;3;"Larger range of cars now offering Intelligent Speed Assistance #automotive #safety http://www.safetywissen.com/#/object/A11/N01.v9w736482gbg8bderm039792rsmigv63631998192/safetywissen …";;;#automotive #safety #;"874226393634230276";https://twitter.com/carhs/status/874226393634230276
;2017/05/28 14:11;5;22;"Camcon Automotive says its Intelligent Valve Actuation technology could make gasoline engines much more efficient. http://bit.ly/2qkK2Sf pic.twitter.com/8olOjbBrUM";;;;"868816881477705731";https://twitter.com/AutoblogGreen/status/868816881477705731
;2017/05/15 05:13;13;7;"How automotive assistants will become intelligent co-pilots https://wp.me/p8wLEc-9m6r ";;;;"863970568915349504";https://twitter.com/VentureBeat/status/863970568915349504
;2017/05/09 02:51;6;5;"Application Note: Intelligent #Transportation Systems Using #IEEE 802.11p, Download now: http://bit.ly/2p9CFwd  #automotive #IoTpic.twitter.com/qlnfjA96d7";;;#Transportation #IEEE #automotive #IoTpic;"861760468842672133";https://twitter.com/RohdeSchwarzNA/status/861760468842672133
;2017/04/29 12:25;8;24;"5054: a car magazine that hopes to fill a gap in the market for an intelligent, high quality automotive magazine http://bit.ly/2pCxbPs pic.twitter.com/2MXKMeN85o";;;;"858280987691802624";https://twitter.com/CreativeReview/status/858280987691802624
;2017/04/20 14:27;4;12;""My automotive technicians are some of the most hardworking, intelligent people I've ever met." - Rick Hughlett #EIBpic.twitter.com/uTFmuw7mMC";;;#EIBpic;"855050295730221056";https://twitter.com/OTCedu/status/855050295730221056
;2017/04/18 21:08;1;5;"This looks a bit good. Can't wait to read it - definite shortage of high quality, intelligent automotive writing these days. https://twitter.com/hiltonholloway/status/854377983230046209 …";;;;"854426351847297024";https://twitter.com/IPhillipson/status/854426351847297024
;2017/03/29 11:45;3;3;". @gdhady presenting @wmgwarwick's #3xDSimulator for #intelligent vehicles at IQPC Frankfurt... @automotive_iqpic.twitter.com/V7Qnse8fqg";;@gdhady @wmgwarwick @automotive_iqpic;#3xDSimulator #intelligent;"847037026625048576";https://twitter.com/siddkhastgir/status/847037026625048576
;2017/03/07 11:08;11;13;"How intelligent #PowerDistribution is possible for all industries? We’ll show you: http://sie.ag/2lXRvoT  #Automotive #Chemicals #Miningpic.twitter.com/0PvO4yLzko";;;#PowerDistribution #Automotive #Chemicals #Miningpic;"839070224808873985";https://twitter.com/siemensindustry/status/839070224808873985
;2017/02/13 12:26;3;3;"SAP is Driving Transformation in the #Automotive Industry Through Predictive #Analytics and Intelligent Data http://spr.ly/60138pHM7 pic.twitter.com/RTRYggpPTJ";;;#Automotive #Analytics;"831117223561400321";https://twitter.com/SAPIndustries/status/831117223561400321
;2017/01/05 11:54;4;5;"Intelligent Cars Promise Free Time, #Bosch Says #CES2017 #AutonomousVehicles #Smartcars #SmartCity #Automotive #AI http://m.wardsauto.com/autonomous-vehicles/intelligent-cars-promise-free-time-bosch-says …pic.twitter.com/4Cb5gx4baH";;;#Bosch #CES2017 #AutonomousVehicles #Smartcars #SmartCity #Automotive #AI;"816976190359633920";https://twitter.com/guidaautonoma/status/816976190359633920
;2016/12/14 17:13;5;4;"Looking back at Coventry's rich automotive heritage & embracing future: #driverless tech & £20m gov funding from Intelligent Mobility Fund https://twitter.com/neil_sumner/status/808745146296758272 …";;;#driverless;"809083785576738816";https://twitter.com/PwC_Midlands/status/809083785576738816
;2016/11/15 09:31;7;18;"Challenging four-hour drive up to Ivalo in Lapland - Intelligent All-wheel drive in its element... #KUGAdventure #fordpic.twitter.com/pbYsE6Quac";;;#KUGAdventure #fordpic;"798458448321118208";https://twitter.com/Automotive_Blog/status/798458448321118208
;2016/11/01 18:30;5;4;"The first in the US, #RoadX will integrate Panasonic intelligent automotive and traffic management technologies on I-70. #COTranspoSMT";;;#RoadX #COTranspoSMT;"793520500349792256";https://twitter.com/PanasonicUSA/status/793520500349792256
;2016/10/26 15:13;1;2;"Intelligent battery charger for automotive and industrial applications - chan... https://alltheinternetofthings.com/entries/81485  #IoT";;;#IoT;"791281540911300608";https://twitter.com/TheIoT/status/791281540911300608
;2016/10/18 21:53;2;3;"Eric Montague of Nuance discusses the future of the intelligent automotive assistant #NuanceAutoForumDetroit2016pic.twitter.com/Gkk8zF9Fb3";;;#NuanceAutoForumDetroit2016pic;"788483186942771200";https://twitter.com/NuanceMobile/status/788483186942771200
;2016/10/10 09:07;2;5;"Find out how at Intelligent #Transport Solutions World Congress 2016 in Melbourne https://www.ericsson.com/thecompany/events/its-2016 … #automotive #cloudpic.twitter.com/SFrnm2Y9zl";;;#Transport #automotive #cloudpic;"785391371888758784";https://twitter.com/EricssonMed/status/785391371888758784
;2016/10/04 21:12;1;2;"Intelligent Mobility and the Evolution of the Automotive Marketplace http://bit.ly/2cQ440o  #ev, #opensource @OSVehicle";;@OSVehicle;#ev #opensource;"783399290400018433";https://twitter.com/meedabyte/status/783399290400018433
;2016/09/27 11:11;3;3;"Developing Intelligent Speed Adaptation for vehicles, a case study today at #FISITA2016 using automotive DSL in #MetaEdit+pic.twitter.com/2kPE36qKV5";;;#FISITA2016 #MetaEdit;"780711328864284674";https://twitter.com/mccjpt/status/780711328864284674
;2016/09/21 19:05;1;2;"#WermaUK will be showing its intelligent systems for Lean Manufacturing at Tomorrows North East Automotive Alliance Expo pic.twitter.com/nWg9MSYkGU";;;#WermaUK;"778656494065709057";https://twitter.com/ChattyHatter/status/778656494065709057
;2016/09/13 12:42;1;2;"iNAGO wiil be in Auto Tech Symposium in U. Of Waterloo. Come see our intelligent assistant! https://autotechsymposium.org/  #autotech16 #automotive";;;#autotech16 #automotive;"775661019787997184";https://twitter.com/mia_jp/status/775661019787997184
;2016/09/07 17:01;3;5;"Awesome launch of the Green and Intelligent Automotive (GAIA) lab @UWaterloo this morning. Thanks to all supporters!pic.twitter.com/NrRTYI5AEC";;@UWaterloo;;"773551686149410816";https://twitter.com/ChargeWR/status/773551686149410816
;2016/09/07 14:57;2;3;"The world class Green & Intelligent Automotive (GAIA) Reseach Facility @UWaterloo is now open! #Ontario #innovationpic.twitter.com/nfKDoLSRWR";;@UWaterloo;#Ontario #innovationpic;"773520601185193984";https://twitter.com/DaieneVernile/status/773520601185193984
;2016/08/03 13:49;3;3;"Mich Gov Rick Snyder addresses an SRO crowd at #CARMBS - talking collaboration & intelligent vehicles. #automotive pic.twitter.com/OkSrla4S3v";;;#CARMBS #automotive;"760819841804697600";https://twitter.com/jamesbianchi/status/760819841804697600
;2016/07/19 14:54;5;5;"Intelligent Mobility & Automotive Marketplaces http://bit.ly/29WK1Q3  #ev #Mobility @OSVehicle";;@OSVehicle;#ev #Mobility;"755400367752568832";https://twitter.com/meedabyte/status/755400367752568832
;2016/06/29 10:49;2;2;"Intelligent fleet management a key future trend says BMW #intelligentmobility at @FS_Automotive";;@FS_Automotive;#intelligentmobility;"748091080663511040";https://twitter.com/kevernscott/status/748091080663511040
;2016/04/10 13:53;6;2;"Toyota, Nissan, Japan government to step up efforts on intelligent maps http://ift.tt/1NigFoV ";;;;"719146249509826561";https://twitter.com/Automotive_News/status/719146249509826561
;2016/02/26 17:10;3;7;"Data brokerage by @parkpocket for #automotive sector & #urbanplanning enables #smartcity #connectedcar. #intelligent #parking";;@parkpocket;#automotive #urbanplanning #smartcity #connectedcar #intelligent #parking;"703266002331688961";https://twitter.com/CODE_n/status/703266002331688961
;2016/02/22 08:56;4;5;"Intelligent Vehicles #Digital Disruption Automotive #Hitachi #MWC16 #iot #Mobility #hdscorp @HDS_EMEA @HDSMobilitypic.twitter.com/H0Byu4YppD";;@HDS_EMEA @HDSMobilitypic;#Digital #Hitachi #MWC16 #iot #Mobility #hdscorp;"701692132059381760";https://twitter.com/gmkaizen/status/701692132059381760
;2016/02/02 21:28;3;4;"34 #Automotive #Startups to Track. Who's missing? @EETimes @IHSAutomotive @intelligent_car http://ow.ly/XRPTJ  pic.twitter.com/5diJQz1fAP";;@EETimes @IHSAutomotive @intelligent_car;#Automotive #Startups;"694633422648692736";https://twitter.com/junkoyoshida/status/694633422648692736
;2016/01/11 15:04;3;8;"The new @MercedesBenz E class, touted by Dieter Zetche as "the world's most intelligent business sedan." pic.twitter.com/ur2bhimyFd";;@MercedesBenz;;"686564349255749632";https://twitter.com/Automotive_News/status/686564349255749632
;2016/01/06 05:30;5;2;"Does your intelligent #Automotive system idea need a lift? Come visit us the Westgate Suite 2010 @ #CES2016 #Qtdev #CES";;@;#Automotive #CES2016 #Qtdev #CES;"684607831866224641";https://twitter.com/qtproject/status/684607831866224641
;2015/10/13 12:15;3;2;"Intelligent Energy will lead a pan-European project to develop its 90kW EC fuel cell automotive technology http://ow.ly/TkHSq ";;;;"653891765242601472";https://twitter.com/intellenergy/status/653891765242601472
;2015/09/08 20:00;1;2;"Mercedes is looking at "an attractive, intelligent electric vehicle' #ev #automotive http://ow.ly/RWGu0 ";;;#ev #automotive;"641325247602536448";https://twitter.com/NanoSteelCo/status/641325247602536448
;2015/09/08 11:01;4;0;"Toyota invests millions into intelligent cars... and much more automotive news. - http://eepurl.com/byulYz ";;;;"641189694903046145";https://twitter.com/TheManufacturer/status/641189694903046145
;2015/08/31 02:08;5;5;". @FrankLynnCTV visits Intelligent Mecha-Tronic Systems, a pioneer in automotive techn made right here in Waterloo: http://bit.ly/1Un0E3W ";;@FrankLynnCTV;;"638156260810997760";https://twitter.com/CTVKitchener/status/638156260810997760
;2015/08/05 17:24;0;2;"Signing your car up for an automotive social network? RE:intelligent trans sys http://gu.com/p/4b6jv/stw  @ITS_America #tech #transportation";;@ITS_America;#tech #transportation;"628964805941035008";https://twitter.com/bradbridgham/status/628964805941035008
;2015/07/21 23:09;1;2;"We love to introduce our clients to creative & intelligent speakers at our Automotive Digital Success Workshop. Meet @sarahcpr in November";;@sarahcpr;;"623615864160579585";https://twitter.com/KainAutomotive/status/623615864160579585
;2015/07/01 21:08;1;3;"$AMBA 101.90 Acquires VisLab, a European Developer of Computer Vision and Intelligent Automotive Control Systems http://ambarella.com/news/79/74/Ambarella-Acquires-VisLab-a-European-Developer-of-Computer-Vision-and-Intelligent-Automotive-Control-Systems …";;;;"616337490467643393";https://twitter.com/WrigleyTom/status/616337490467643393
;2015/06/30 11:33;1;2;""Smart parking" will enable intelligent mobility | Automotive Industry News | just-auto http://www.just-auto.com/news/smart-parking-will-enable-intelligent-mobility-in-cities-researchers_id159580.aspx … via @justauto";;@justauto;;"615830567045562368";https://twitter.com/ECIM_eu/status/615830567045562368
;2015/06/24 14:16;2;3;"Canadian university to make dream facility for cars of the future: The Green and Intelligent Automotive (GAIA)... http://bit.ly/1LmVSm3 ";;;;"613697256542240770";https://twitter.com/TheManufacturer/status/613697256542240770
;2015/06/18 20:56;1;2;"University of Waterloo announces new research facility for intelligent green cars https://uwaterloo.ca/news/news/university-waterloo-announces-new-research-facility … #automotive pic.twitter.com/39x6TDhkE1";;;#automotive;"611623660483440640";https://twitter.com/RobinMacNab/status/611623660483440640
;2015/05/17 08:28;4;5;"Intelligent Energy Showcasing 100kW Fuel Cell architecture at JSAE Automotive Engineering Exposition pic.twitter.com/VotrYr9duu";;;;"599838908994723840";https://twitter.com/ECarsReport/status/599838908994723840
;2015/05/14 16:14;2;1;"Advanced automotive architecture for intelligent vehicles #altranhttps://twitter.com/altran_es/status/598797600947609601 …";;;#altranhttps;"598869043060318209";https://twitter.com/intelligentiot/status/598869043060318209
;2015/05/13 19:15;0;2;"Microchip delivers 25 millionth MOST50 Intelligent Network Interface Controller for automotive infotainment systems http://mchp.us/1E61vwX ";;;;"598552208997777408";https://twitter.com/MicrochipTech/status/598552208997777408
;2015/05/13 09:40;2;3;"Excited Artimus Intelligent Power will join us at #JSAE2015 Automotive Engineering Expostition in Japan 20-22 May http://ow.ly/MEung ";;;#JSAE2015;"598407386366357504";https://twitter.com/innovateuk/status/598407386366357504
;2015/05/01 16:38;1;3;"#FuelCell #Hydrogen News: Intelligent Energy ink 4th automotive deal & Ballard receives 100 unit telecom order &. http://bit.ly/1zyTjKt ";;;#FuelCell #Hydrogen;"594163884379910144";https://twitter.com/KerryAnnEnergy/status/594163884379910144
;2015/03/21 09:11;0;0;""Intelligent Energy Develops New 100kW Automotive Fuel Cell Architecture" http://www.carscoops.com/2015/03/intelligent-energy-develops-new-100kw.html … #cars";;;#cars;"579208580462555136";https://twitter.com/Kendricksports/status/579208580462555136
;2015/03/13 12:19;3;0;"An innovative 100kW automotive fuel cell architecture from Intelligent Energy, the energy technology group,... http://fb.me/2KTXtV0Si ";;;;"576356824066224129";https://twitter.com/ECarsReport/status/576356824066224129
;2015/03/12 16:14;10;7;"Intelligent Energy extends capability with new high performance 100kW automotive fuel cell architecture #innovation http://ow.ly/KfFdz ";;;#innovation;"576053649316642817";https://twitter.com/intellenergy/status/576053649316642817
;2015/03/03 20:40;7;5;"Take a test-drive in the @MercedesBenz S Class Simulator w/ Intelligent Drive w/ @TruTriciaHelfer #DrivewithEBhttps://www.youtube.com/watch?v=sUdaf9hCJts …";;@MercedesBenz @TruTriciaHelfer;#DrivewithEBhttps;"572859073571393537";https://twitter.com/EB_Automotive/status/572859073571393537
;2015/02/24 09:46;3;0;"Automotive safety companies use this #invention to design “intelligent” crash-test dummies http://buzz.mw/bqt6l_f ";;;#invention;"570157886632038400";https://twitter.com/EPOorg/status/570157886632038400
;2014/11/19 22:59;3;1;""Automotive consumers today are intelligent overachievers"~Rich Latex @ThisIsGMC @GM #cars @LAAutoShowpic.twitter.com/kXRUA611x3";;@ThisIsGMC @GM @LAAutoShowpic;#cars;"535205830451552256";https://twitter.com/Setorii/status/535205830451552256
;2014/11/10 13:42;1;0;"Intelligent Decisions and Infinite Skyz Team Up to Modernize Federal Fleet Management http://dlvr.it/7TG6Wv ";;;;"531803986949468160";https://twitter.com/BW_Automotive/status/531803986949468160
;2014/09/23 15:16;1;1;"GM Announces 'Intelligent' Driving Tech http://shar.es/1a6Mpo  #innovation #tech #automotive #GeneralMotors #car #driving #smart";;;#innovation #tech #automotive #GeneralMotors #car #driving #smart;"514418013022347266";https://twitter.com/JulieGTR/status/514418013022347266
;2014/09/19 10:14;1;0;"Automotive Intelligent Sensing Programme Agenda Update: Williams F1 Conference Centre, 11th December 2014... http://bit.ly/1wv08X8  #KTN";;;#KTN;"512892397118685186";https://twitter.com/KTNUK_ESP/status/512892397118685186
;2014/09/15 01:00;0;0;"Intelligent driving tech is going to change the way you think about the automotive tech and driving all together. http://oak.ctx.ly/r/1pe9e ";;;;"511303435501588480";https://twitter.com/LiveScienceTech/status/511303435501588480
;2014/09/12 19:09;0;1;"Across my desk: Panasonic Automotive Featured Connected Car Technology and Solutions at 2014 Intelligent Transport... http://ow.ly/2NpcuS ";;;;"510490454929199104";https://twitter.com/pete_meier/status/510490454929199104
;2014/08/26 22:49;0;0;"@johnsoncontrols - smart #fabrics with intelligent coatings that enhance #automotive seat comfort - great #style for cars!";;@johnsoncontrols;#fabrics #automotive #style;"504385044216287232";https://twitter.com/PeterHeisenberg/status/504385044216287232
;2014/08/24 12:01;2;0;"Intelligent' car seats alert sleepy drivers - via @EurekaMagazine #automotive #technology - http://ow.ly/AhNS4 ";;@EurekaMagazine;#automotive #technology;"503497235829886976";https://twitter.com/trfastenings/status/503497235829886976
;2014/08/13 09:55;2;0;"#VW makes the connected car more intelligent: http://ae-plus.com/news/vw-makes-the-connected-car-more-intelligent … #Automotive #Engineering #News";;;#VW #Automotive #Engineering #News;"499479257979301888";https://twitter.com/aeplus/status/499479257979301888
;2014/08/12 12:30;1;0;"Intelligent Sensing Programme 41 - Automotive Sensors: The 41st Intelligent Sensing Programme (ISP41) - A... http://bit.ly/1umQO9E  #KTN";;;#KTN;"499155980517519360";https://twitter.com/KTNUK_ESP/status/499155980517519360
;2014/08/06 22:32;0;1;"Skyland Automotive welcomes this Perzina baby grand piano with PianoDisc intelligent player system from Freeburg. http://fb.me/1jiM6iWQq ";;;;"497133036518256641";https://twitter.com/FreeburgPianos/status/497133036518256641
;2014/08/01 07:59;1;0;"#Bosch And #IBM to Create intelligent interconnected automotive product... http://fb.me/3eOoysdtZ ";;;#Bosch #IBM;"495101612726026240";https://twitter.com/amitgoel1287/status/495101612726026240
;2014/07/29 17:50;0;0;"Intelligent Energy Holdings, UK fuel cell maker, signs 2-year 'multi-million' pound deal with Japan automotive firm: http://bit.ly/UzJhVB ";;;;"494163016175595520";https://twitter.com/BloombergNEF/status/494163016175595520
;2014/07/26 08:38;0;1;"Baidu is coming out with its own self-driving vehicle, as intelligent as a horse. #baidu #Google #cars #automotive http://www.klgadgetguy.com/?p=6671 ";;;#baidu #Google #cars #automotive;"492936990820532225";https://twitter.com/klgadgetguy/status/492936990820532225
;2014/07/25 22:45;0;0;"The Mercedes Benz S550 is a confluence of elegance, performance, intelligent automotive safety systems, and... http://fb.me/3rSfbqDxm ";;;;"492787744738140160";https://twitter.com/ucslimo/status/492787744738140160
;2014/07/25 00:03;0;1;"Nice cars, intelligent women @SouthernAWF #nashville #Automotive pic.twitter.com/d9jDyM0MY9";;@SouthernAWF;#nashville #Automotive;"492444895756701696";https://twitter.com/Victoriah413/status/492444895756701696
;2014/07/21 10:52;1;0;"Absolutely fascinated by debate at #insidermadeintheUK automotive conference re coexistence of intelligent vehicles & niche performance cars";;;#insidermadeintheUK;"491158841653198848";https://twitter.com/invest_bc/status/491158841653198848
;2014/07/21 09:16;2;0;"Automotive Council UK sharing their 'Intelligent mobility Objectives' #insidermadeintheUKpic.twitter.com/iWXMatgx5r";;;#insidermadeintheUKpic;"491134595958845440";https://twitter.com/JimmyDrew1/status/491134595958845440
;2014/07/10 13:15;0;1;"MIRA to host global intelligent mobility summit http://ow.ly/yZylM  #automotive #engineering";;;#automotive #engineering;"487208414754656256";https://twitter.com/JAM_Recruitment/status/487208414754656256
;2014/07/08 18:10;0;0;"Nokia planning to invest in intelligent cars – report - ASEAN Automotive News http://tinyurl.com/only7mx ";;;;"486558045208854529";https://twitter.com/Epricity2/status/486558045208854529
;2014/07/03 17:49;0;0;"The heyday of American Automotive Manufacture is over. In a battle over engineering and intelligent marketing, we... http://fb.me/3lbehWBfe ";;;;"484740624265252864";https://twitter.com/JackAShulman/status/484740624265252864
;2014/07/03 06:25;0;0;"Wow. What am intelligent, insightful, and TRUE article about the crucial marketing mistakes the #automotive industry…http://lnkd.in/bgSFbtE ";;;#automotive;"484568645075365888";https://twitter.com/atasteofdawn/status/484568645075365888
;2014/07/02 14:58;0;0;"@eB2B_Automotive Thanks for following! Proud to be Gold @Microsoft partner providing intelligent solutions to innovate. @globalinfonet_";;@eB2B_Automotive @Microsoft @globalinfonet_;;"484335186813792256";https://twitter.com/globalinfonet_/status/484335186813792256
;2014/07/01 08:44;0;0;""It is not the strongest of the species that survives, nor the most intelligent, but the one most responsive to change." - Darwin";;;;"483878923017916416";https://twitter.com/DJS_Automotive/status/483878923017916416
